car_id,rec_id
0,27
0,595
0,276
0,856
0,640
0,836
0,428
0,604
0,418
0,654
1,668
1,652
1,181
1,152
1,679
1,326
1,737
1,325
1,844
1,640
2,66
2,93
2,91
2,945
2,206
2,829
2,721
2,518
2,229
2,250
3,7
3,634
3,385
3,552
3,472
3,408
3,130
3,797
3,127
3,113
4,506
4,554
4,67
4,370
4,127
4,113
4,32
4,951
4,936
4,408
5,563
5,447
5,133
5,824
5,502
5,153
5,470
5,448
5,48
5,480
6,819
6,581
6,835
6,937
6,671
6,49
6,521
6,786
6,802
6,791
7,408
7,3
7,552
7,385
7,472
7,634
7,130
7,797
7,127
7,113
8,904
8,586
8,235
8,795
8,219
8,191
8,633
8,620
8,768
8,609
9,100
9,108
9,399
9,115
9,879
9,212
9,852
9,938
9,962
9,59
10,13
10,290
10,218
10,961
10,184
10,141
10,824
10,502
10,489
10,57
11,648
11,512
11,847
11,540
11,813
11,356
11,180
11,308
11,536
11,591
12,411
12,594
12,362
12,590
12,405
12,18
12,689
12,728
12,517
12,765
13,10
13,290
13,218
13,961
13,184
13,141
13,824
13,502
13,489
13,57
14,215
14,279
14,771
14,704
14,897
14,396
14,170
14,109
14,43
14,91
15,906
15,188
15,335
15,168
15,131
15,361
15,864
15,934
15,821
15,300
16,631
16,72
16,830
16,730
16,39
16,481
16,341
16,241
16,625
16,609
17,641
17,89
17,410
17,774
17,412
17,95
17,432
17,429
17,67
17,56
18,411
18,594
18,362
18,590
18,405
18,18
18,689
18,728
18,517
18,765
19,885
19,619
19,400
19,473
19,382
19,687
19,402
19,851
19,686
19,736
20,177
20,811
20,455
20,124
20,558
20,329
20,218
20,702
20,266
20,221
21,956
21,231
21,675
21,862
21,145
21,467
21,398
21,248
21,174
21,458
22,854
22,874
22,113
22,127
22,543
22,90
22,445
22,839
22,845
22,96
23,605
23,393
23,478
23,299
23,828
23,780
23,71
23,877
23,600
23,33
24,213
24,249
24,222
24,494
24,225
24,269
24,658
24,622
24,285
24,630
25,258
25,786
25,812
25,674
25,345
25,521
25,205
25,946
25,49
25,671
26,905
26,847
26,702
26,916
26,716
26,598
26,800
26,558
26,566
26,57
27,27
27,595
27,276
27,856
27,640
27,836
27,428
27,604
27,418
27,654
28,65
28,74
28,578
28,313
28,769
28,482
28,447
28,284
28,211
28,953
29,137
29,669
29,62
29,960
29,579
29,610
29,126
29,121
29,139
29,545
30,699
30,259
30,261
30,428
30,856
30,836
30,604
30,276
30,449
30,457
31,409
31,34
31,689
31,659
31,446
31,681
31,244
31,359
31,955
31,526
32,113
32,815
32,60
32,951
32,936
32,764
32,717
32,459
32,486
32,947
33,605
33,393
33,478
33,299
33,828
33,780
33,71
33,877
33,600
33,33
34,689
34,659
34,681
34,359
34,244
34,955
34,446
34,526
34,409
34,504
35,647
35,151
35,915
35,389
35,869
35,744
35,923
35,88
35,228
35,384
36,42
36,740
36,626
36,553
36,617
36,786
36,439
36,500
36,794
36,756
37,727
37,861
37,497
37,238
37,267
37,701
37,423
37,301
37,642
37,45
38,747
38,217
38,233
38,136
38,616
38,671
38,402
38,942
38,688
38,943
39,279
39,481
39,830
39,730
39,72
39,631
39,16
39,421
39,326
39,870
40,935
40,913
40,226
40,415
40,742
40,138
40,474
40,600
40,877
40,478
41,353
41,464
41,371
41,461
41,123
41,143
41,745
41,711
41,321
41,352
42,42
42,740
42,626
42,553
42,617
42,786
42,439
42,500
42,794
42,756
43,109
43,14
43,215
43,771
43,279
43,897
43,704
43,170
43,396
43,93
44,621
44,307
44,785
44,352
44,123
44,461
44,41
44,464
44,143
44,711
45,423
45,808
45,760
45,751
45,892
45,497
45,238
45,895
45,267
45,900
46,719
46,720
46,758
46,713
46,171
46,214
46,750
46,561
46,875
46,912
47,358
47,903
47,330
47,275
47,81
47,513
47,277
47,664
47,101
47,781
48,448
48,470
48,5
48,153
48,480
48,924
48,755
48,151
48,726
48,381
49,819
49,581
49,835
49,937
49,671
49,49
49,521
49,786
49,802
49,791
50,271
50,820
50,599
50,570
50,251
50,291
50,61
50,475
50,282
50,148
51,628
51,724
51,454
51,486
51,507
51,534
51,378
51,499
51,427
51,133
52,70
52,54
52,351
52,288
52,790
52,559
52,185
52,60
52,806
52,807
53,31
53,409
53,34
53,359
53,681
53,244
53,689
53,659
53,446
53,955
54,288
54,351
54,52
54,70
54,133
54,51
54,378
54,154
54,867
54,843
55,257
55,111
55,722
55,949
55,868
55,823
55,503
55,873
55,881
55,704
56,707
56,67
56,17
56,429
56,432
56,60
56,939
56,52
56,70
56,431
57,364
57,492
57,824
57,489
57,502
57,246
57,178
57,184
57,141
57,218
58,861
58,551
58,649
58,836
58,276
58,856
58,428
58,604
58,259
58,30
59,647
59,151
59,915
59,389
59,869
59,744
59,923
59,88
59,228
59,384
60,815
60,32
60,429
60,432
60,17
60,67
60,56
60,52
60,70
60,790
61,291
61,570
61,599
61,820
61,271
61,50
61,475
61,282
61,251
61,148
62,29
62,137
62,669
62,126
62,121
62,960
62,579
62,610
62,139
62,545
63,406
63,935
63,545
63,139
63,468
63,450
63,123
63,461
63,608
63,579
64,867
64,436
64,430
64,201
64,790
64,305
64,334
64,333
64,357
64,573
65,65
65,74
65,578
65,313
65,769
65,482
65,447
65,284
65,211
65,953
66,250
66,844
66,925
66,395
66,846
66,650
66,449
66,457
66,73
66,253
67,370
67,554
67,506
67,4
67,56
67,17
67,429
67,432
67,60
67,939
68,65
68,74
68,578
68,313
68,769
68,482
68,447
68,284
68,211
68,953
69,690
69,896
69,649
69,87
69,425
69,759
69,662
69,842
69,556
69,495
70,52
70,54
70,351
70,288
70,790
70,559
70,185
70,60
70,806
70,807
71,23
71,605
71,780
71,299
71,478
71,828
71,763
71,444
71,75
71,853
72,631
72,72
72,830
72,730
72,39
72,481
72,341
72,241
72,625
72,609
73,927
73,832
73,253
73,457
73,395
73,572
73,449
73,442
73,925
73,846
74,100
74,108
74,399
74,115
74,879
74,212
74,852
74,938
74,962
74,59
75,853
75,33
75,204
75,247
75,195
75,444
75,348
75,367
75,763
75,917
76,917
76,94
76,471
76,71
76,763
76,444
76,853
76,75
76,195
76,247
77,132
77,899
77,714
77,637
77,445
77,90
77,22
77,96
77,845
77,839
78,947
78,624
78,507
78,534
78,883
78,919
78,546
78,333
78,611
78,105
79,354
79,913
79,353
79,733
79,41
79,914
79,464
79,130
79,797
79,3
80,390
80,805
80,770
80,670
80,574
80,349
80,496
80,451
80,594
80,362
81,277
81,903
81,216
81,275
81,330
81,513
81,101
81,781
81,698
81,664
82,369
82,261
82,236
82,922
82,414
82,165
82,344
82,630
82,622
82,320
83,86
83,487
83,863
83,180
83,802
83,476
83,791
83,880
83,106
83,50
84,843
84,105
84,64
84,357
84,944
84,386
84,573
84,433
84,419
84,647
85,289
85,372
85,804
85,463
85,278
85,593
85,929
85,474
85,753
85,752
86,86
86,487
86,863
86,180
86,802
86,476
86,791
86,880
86,106
86,50
87,896
87,69
87,690
87,649
87,425
87,842
87,759
87,662
87,273
87,640
88,744
88,869
88,35
88,647
88,151
88,389
88,915
88,923
88,601
88,480
89,641
89,410
89,412
89,774
89,17
89,95
89,766
89,192
89,815
89,874
90,445
90,902
90,140
90,77
90,22
90,96
90,839
90,845
90,588
90,412
91,93
91,170
91,396
91,110
91,279
91,897
91,704
91,771
91,215
91,14
92,440
92,255
92,504
92,526
92,656
92,244
92,446
92,659
92,955
92,359
93,93
93,170
93,396
93,110
93,279
93,897
93,704
93,771
93,215
93,14
94,917
94,94
94,471
94,71
94,763
94,444
94,853
94,75
94,195
94,247
95,412
95,774
95,410
95,641
95,89
95,17
95,203
95,952
95,505
95,902
96,845
96,839
96,544
96,456
96,22
96,588
96,90
96,445
96,774
96,412
97,258
97,786
97,812
97,674
97,345
97,521
97,205
97,946
97,49
97,671
98,99
98,878
98,265
98,441
98,571
98,697
98,134
98,556
98,898
98,690
99,99
99,878
99,265
99,441
99,571
99,697
99,134
99,556
99,898
99,690
100,100
100,108
100,399
100,115
100,879
100,212
100,852
100,938
100,962
100,59
101,275
101,344
101,165
101,414
101,513
101,903
101,664
101,81
101,781
101,330
102,258
102,786
102,812
102,674
102,345
102,521
102,205
102,946
102,49
102,671
103,301
103,238
103,497
103,892
103,908
103,252
103,876
103,182
103,157
103,262
104,243
104,200
104,366
104,806
104,807
104,684
104,559
104,185
104,741
104,790
105,333
105,705
105,417
105,84
105,843
105,189
105,746
105,529
105,891
105,915
106,880
106,802
106,791
106,476
106,941
106,678
106,618
106,568
106,762
106,576
107,394
107,252
107,701
107,603
107,256
107,242
107,718
107,743
107,281
107,858
108,100
108,108
108,399
108,115
108,879
108,212
108,852
108,938
108,962
108,59
109,109
109,14
109,215
109,771
109,279
109,897
109,704
109,170
109,396
109,93
110,550
110,93
110,91
110,396
110,170
110,704
110,771
110,897
110,279
110,14
111,257
111,111
111,722
111,949
111,868
111,823
111,503
111,873
111,881
111,704
112,793
112,893
112,911
112,901
112,551
112,645
112,849
112,693
112,324
112,281
113,113
113,815
113,60
113,951
113,936
113,764
113,717
113,459
113,486
113,947
114,373
114,825
114,764
114,510
114,883
114,454
114,628
114,724
114,555
114,483
115,9
115,399
115,100
115,377
115,794
115,756
115,88
115,92
115,601
115,480
116,128
116,76
116,71
116,763
116,444
116,853
116,75
116,247
116,195
116,348
117,762
117,401
117,832
117,538
117,576
117,568
117,618
117,941
117,880
117,848
118,715
118,377
118,453
118,473
118,97
118,102
118,962
118,938
118,355
118,500
119,319
119,158
119,577
119,572
119,442
119,341
119,253
119,73
119,927
119,832
120,335
120,190
120,405
120,458
120,819
120,466
120,383
120,176
120,403
120,677
121,126
121,62
121,137
121,29
121,669
121,960
121,610
121,579
121,139
121,545
122,207
122,732
122,607
122,840
122,958
122,753
122,752
122,929
122,289
122,463
123,461
123,785
123,44
123,307
123,352
123,41
123,621
123,464
123,321
123,371
124,271
124,820
124,599
124,570
124,251
124,291
124,61
124,475
124,282
124,148
125,613
125,208
125,146
125,570
125,308
125,536
125,494
125,225
125,269
125,957
126,121
126,62
126,137
126,29
126,669
126,960
126,610
126,579
126,139
126,545
127,113
127,22
127,874
127,543
127,854
127,506
127,4
127,554
127,408
127,7
128,128
128,76
128,71
128,763
128,444
128,853
128,75
128,247
128,195
128,348
129,297
129,646
129,651
129,810
129,685
129,954
129,591
129,311
129,379
129,536
130,797
130,612
130,391
130,270
130,798
130,3
130,7
130,408
130,41
130,464
131,335
131,361
131,168
131,188
131,934
131,15
131,864
131,821
131,360
131,407
132,77
132,714
132,899
132,637
132,874
132,854
132,192
132,552
132,634
132,641
133,563
133,447
133,133
133,824
133,502
133,153
133,470
133,448
133,48
133,480
134,206
134,363
134,697
134,99
134,98
134,898
134,910
134,696
134,556
134,690
135,778
135,818
135,187
135,660
135,779
135,933
135,702
135,487
135,379
135,591
136,616
136,626
136,233
136,747
136,38
136,217
136,671
136,402
136,942
136,597
137,29
137,669
137,62
137,960
137,579
137,610
137,121
137,126
137,139
137,545
138,742
138,40
138,474
138,600
138,877
138,593
138,828
138,478
138,299
138,780
139,545
139,935
139,610
139,579
139,960
139,63
139,669
139,406
139,137
139,29
140,902
140,445
140,90
140,95
140,203
140,952
140,505
140,510
140,608
140,461
141,184
141,502
141,824
141,489
141,218
141,57
141,13
141,364
141,492
141,290
142,897
142,279
142,771
142,704
142,881
142,873
142,503
142,949
142,111
142,55
143,371
143,711
143,745
143,321
143,41
143,464
143,917
143,471
143,94
143,123
144,271
144,820
144,599
144,570
144,251
144,291
144,61
144,475
144,282
144,148
145,467
145,21
145,248
145,956
145,231
145,862
145,675
145,398
145,174
145,466
146,613
146,208
146,146
146,570
146,308
146,536
146,494
146,225
146,269
146,957
147,694
147,953
147,776
147,387
147,347
147,230
147,221
147,266
147,739
147,202
148,475
148,282
148,291
148,61
148,570
148,599
148,223
148,50
148,820
148,271
149,773
149,653
149,164
149,683
149,365
149,882
149,340
149,547
149,441
149,265
150,734
150,452
150,920
150,133
150,919
150,546
150,680
150,724
150,628
150,454
151,923
151,915
151,389
151,35
151,647
151,744
151,869
151,88
151,726
151,755
152,652
152,668
152,1
152,679
152,181
152,326
152,443
152,643
152,564
152,396
153,5
153,448
153,470
153,48
153,480
153,563
153,234
153,843
153,867
153,154
154,357
154,827
154,687
154,867
154,843
154,563
154,351
154,54
154,288
154,5
155,814
155,221
155,266
155,739
155,202
155,346
155,587
155,245
155,887
155,451
156,511
156,818
156,187
156,190
156,930
156,141
156,184
156,692
156,308
156,536
157,182
157,876
157,103
157,252
157,262
157,596
157,265
157,441
157,488
157,547
158,319
158,158
158,577
158,572
158,442
158,341
158,253
158,73
158,927
158,832
159,59
159,493
159,68
159,482
159,447
159,284
159,211
159,97
159,102
159,453
160,920
160,42
160,163
160,712
160,553
160,355
160,921
160,735
160,619
160,248
161,657
161,443
161,729
161,722
161,268
161,731
161,837
161,264
161,583
161,679
162,550
162,179
162,789
162,425
162,418
162,653
162,240
162,592
162,518
162,91
163,920
163,42
163,163
163,712
163,553
163,355
163,921
163,735
163,619
163,248
164,683
164,653
164,773
164,882
164,365
164,149
164,838
164,396
164,170
164,644
165,275
165,344
165,165
165,414
165,513
165,903
165,664
165,81
165,781
165,330
166,241
166,719
166,46
166,171
166,720
166,713
166,758
166,832
166,253
166,927
167,695
167,358
167,225
167,269
167,494
167,125
167,957
167,295
167,709
167,889
168,335
168,190
168,405
168,458
168,819
168,466
168,383
168,176
168,403
168,677
169,677
169,120
169,458
169,819
169,405
169,403
169,466
169,176
169,383
169,866
170,396
170,91
170,93
170,897
170,279
170,704
170,771
170,215
170,14
170,110
171,719
171,720
171,758
171,713
171,171
171,214
171,750
171,561
171,875
171,912
172,242
172,829
172,262
172,365
172,882
172,224
172,837
172,264
172,16
172,631
173,881
173,495
173,14
173,215
173,849
173,730
173,830
173,435
173,210
173,442
174,398
174,862
174,675
174,956
174,21
174,231
174,467
174,145
174,248
174,834
175,337
175,388
175,391
175,612
175,270
175,352
175,307
175,621
175,44
175,785
176,403
176,466
176,383
176,458
176,405
176,819
176,120
176,677
176,169
176,527
177,20
177,811
177,455
177,124
177,558
177,329
177,218
177,702
177,266
177,221
178,404
178,246
178,492
178,364
178,57
178,502
178,824
178,489
178,141
178,184
179,109
179,14
179,215
179,771
179,279
179,897
179,704
179,170
179,396
179,93
180,813
180,536
180,540
180,308
180,356
180,591
180,311
180,11
180,379
180,954
181,1
181,326
181,652
181,668
181,152
181,679
181,519
181,520
181,850
181,909
182,182
182,876
182,103
182,252
182,262
182,596
182,265
182,441
182,488
182,547
183,535
183,368
183,749
183,909
183,194
183,413
183,809
183,887
183,776
183,931
184,184
184,502
184,824
184,489
184,218
184,57
184,13
184,364
184,492
184,290
185,559
185,563
185,944
185,386
185,477
185,433
185,199
185,666
185,705
185,189
186,255
186,805
186,723
186,243
186,407
186,841
186,131
186,335
186,361
186,168
187,818
187,778
187,135
187,779
187,660
187,156
187,930
187,190
187,692
187,308
188,15
188,361
188,335
188,168
188,131
188,934
188,864
188,821
188,906
188,300
189,417
189,705
189,666
189,433
189,944
189,386
189,563
189,559
189,185
189,477
190,335
190,190
190,405
190,458
190,819
190,466
190,383
190,176
190,403
190,677
191,213
191,197
191,633
191,795
191,219
191,586
191,8
191,904
191,235
191,792
192,588
192,508
192,641
192,89
192,410
192,766
192,854
192,874
192,815
192,132
193,363
193,343
193,911
193,585
193,523
193,964
193,878
193,773
193,901
193,268
194,909
194,749
194,368
194,183
194,274
194,227
194,550
194,110
194,842
194,662
195,247
195,853
195,75
195,348
195,367
195,444
195,763
195,94
195,917
195,471
196,239
196,745
196,373
196,584
196,676
196,918
196,342
196,321
196,143
196,711
197,213
197,197
197,633
197,795
197,219
197,586
197,8
197,904
197,235
197,792
198,360
198,49
198,812
198,946
198,345
198,521
198,205
198,338
198,439
198,691
199,477
199,185
199,559
199,563
199,433
199,944
199,386
199,666
199,417
199,705
200,104
200,366
200,806
200,807
200,684
200,185
200,559
200,741
200,790
200,70
201,436
201,430
201,64
201,867
201,333
201,790
201,305
201,334
201,515
201,479
202,266
202,221
202,739
202,814
202,587
202,346
202,245
202,155
202,887
202,347
203,611
203,316
203,95
203,505
203,952
203,510
203,140
203,902
203,65
203,381
204,605
204,393
204,478
204,299
204,828
204,780
204,71
204,877
204,600
204,33
205,819
205,581
205,835
205,937
205,671
205,49
205,521
205,786
205,802
205,791
206,363
206,134
206,829
206,91
206,93
206,2
206,66
206,945
206,242
206,256
207,207
207,732
207,607
207,840
207,958
207,753
207,752
207,929
207,289
207,463
208,613
208,208
208,146
208,570
208,308
208,536
208,494
208,225
208,269
208,957
209,855
209,590
209,144
209,404
209,931
209,387
209,580
209,230
209,484
209,627
210,870
210,261
210,737
210,572
210,442
210,435
210,730
210,830
210,750
210,630
211,284
211,447
211,482
211,74
211,313
211,769
211,578
211,953
211,28
211,366
212,852
212,879
212,921
212,399
212,100
212,9
212,962
212,938
212,108
212,567
213,213
213,197
213,633
213,795
213,219
213,586
213,8
213,904
213,235
213,792
214,369
214,261
214,236
214,922
214,414
214,165
214,344
214,630
214,622
214,320
215,14
215,279
215,897
215,704
215,771
215,43
215,170
215,109
215,396
215,93
216,275
216,344
216,165
216,414
216,513
216,903
216,664
216,81
216,781
216,330
217,38
217,747
217,233
217,616
217,136
217,671
217,402
217,942
217,688
217,943
218,10
218,13
218,290
218,141
218,184
218,824
218,502
218,489
218,961
218,492
219,795
219,191
219,633
219,904
219,586
219,8
219,235
219,47
219,236
219,358
220,513
220,926
220,330
220,277
220,81
220,903
220,275
220,216
220,698
220,101
221,266
221,202
221,739
221,814
221,587
221,346
221,245
221,155
221,887
221,347
222,285
222,208
222,613
222,146
222,768
222,47
222,620
222,513
222,698
222,101
223,886
223,282
223,475
223,287
223,148
223,709
223,570
223,291
223,599
223,61
224,882
224,859
224,438
224,365
224,837
224,264
224,172
224,16
224,631
224,72
225,494
225,269
225,125
225,358
225,695
225,957
225,167
225,222
225,658
225,24
226,415
226,913
226,935
226,40
226,700
226,522
226,672
226,584
226,373
226,676
227,274
227,273
227,503
227,550
227,110
227,194
227,842
227,662
227,645
227,268
228,100
228,108
228,399
228,115
228,879
228,212
228,852
228,938
228,962
228,59
229,421
229,907
229,721
229,392
229,250
229,112
229,793
229,866
229,281
229,242
230,177
230,811
230,455
230,124
230,558
230,329
230,218
230,702
230,266
230,221
231,956
231,286
231,725
231,294
231,21
231,467
231,862
231,145
231,675
231,398
232,108
232,682
232,691
232,740
232,626
232,136
232,616
232,597
232,374
232,636
233,747
233,38
233,217
233,616
233,136
233,671
233,402
233,942
233,688
233,943
234,807
234,806
234,560
234,891
234,382
234,529
234,5
234,153
234,563
234,366
235,904
235,586
235,8
235,219
235,795
235,633
235,191
235,957
235,424
235,639
236,369
236,261
236,236
236,922
236,414
236,165
236,344
236,630
236,622
236,320
237,347
237,770
237,670
237,574
237,349
237,805
237,782
237,589
237,141
237,184
238,727
238,861
238,497
238,238
238,267
238,701
238,423
238,301
238,642
238,45
239,239
239,745
239,373
239,584
239,676
239,918
239,342
239,321
239,143
239,711
240,592
240,309
240,838
240,340
240,754
240,653
240,425
240,162
240,418
240,518
241,166
241,625
241,298
241,341
241,609
241,72
241,631
241,16
241,904
241,586
242,829
242,262
242,172
242,256
242,394
242,107
242,281
242,718
242,743
242,858
243,243
243,200
243,366
243,806
243,807
243,684
243,559
243,185
243,741
243,790
244,748
244,34
244,681
244,689
244,659
244,359
244,446
244,955
244,504
244,255
245,587
245,346
245,739
245,266
245,887
245,221
245,202
245,814
245,155
245,209
246,364
246,57
246,492
246,178
246,489
246,502
246,824
246,184
246,141
246,218
247,195
247,853
247,75
247,348
247,367
247,444
247,763
247,94
247,917
247,471
248,467
248,145
248,21
248,231
248,956
248,862
248,675
248,398
248,174
248,783
249,737
249,213
249,24
249,844
249,848
249,1
249,325
249,640
249,273
249,87
250,66
250,844
250,395
250,846
250,650
250,449
250,457
250,925
250,73
250,927
251,820
251,50
251,271
251,61
251,570
251,599
251,291
251,148
251,282
251,475
252,265
252,701
252,394
252,107
252,603
252,262
252,596
252,103
252,441
252,876
253,927
253,73
253,832
253,442
253,846
253,449
253,457
253,395
253,572
253,650
254,833
254,424
254,314
254,713
254,719
254,46
254,758
254,720
254,171
254,166
255,255
255,805
255,723
255,243
255,407
255,841
255,131
255,335
255,361
255,168
256,394
256,107
256,242
256,743
256,718
256,281
256,858
256,793
256,112
256,392
257,257
257,111
257,722
257,949
257,868
257,823
257,503
257,873
257,881
257,704
258,258
258,786
258,812
258,674
258,345
258,521
258,205
258,946
258,49
258,671
259,699
259,259
259,261
259,428
259,856
259,836
259,604
259,276
259,449
259,457
260,709
260,167
260,889
260,295
260,606
260,738
260,293
260,679
260,583
260,161
261,369
261,261
261,236
261,922
261,414
261,165
261,344
261,630
261,622
261,320
262,829
262,242
262,172
262,596
262,252
262,441
262,265
262,103
262,876
262,182
263,759
263,109
263,43
263,789
263,179
263,310
263,368
263,908
263,907
263,178
264,837
264,731
264,722
264,729
264,443
264,657
264,161
264,268
264,631
264,16
265,265
265,701
265,394
265,107
265,603
265,262
265,596
265,103
265,441
265,876
266,202
266,221
266,739
266,814
266,346
266,587
266,155
266,245
266,887
266,347
267,497
267,238
267,37
267,861
267,816
267,667
267,488
267,45
267,642
267,301
268,901
268,161
268,657
268,443
268,729
268,722
268,731
268,837
268,264
268,964
269,494
269,225
269,125
269,358
269,957
269,695
269,167
269,222
269,658
269,24
270,391
270,612
270,130
270,797
270,798
270,388
270,175
270,337
270,307
270,352
271,271
271,820
271,599
271,570
271,251
271,291
271,61
271,475
271,282
271,148
272,787
272,801
272,803
272,490
272,374
272,636
272,708
272,597
272,616
272,136
273,503
273,227
273,640
273,896
273,87
273,325
273,1
273,683
273,754
273,737
274,274
274,273
274,503
274,550
274,110
274,194
274,842
274,662
274,645
274,268
275,275
275,344
275,165
275,414
275,513
275,903
275,664
275,81
275,781
275,330
276,428
276,836
276,856
276,604
276,0
276,595
276,27
276,640
276,418
276,649
277,277
277,903
277,216
277,275
277,330
277,513
277,101
277,781
277,698
277,664
278,593
278,474
278,138
278,742
278,40
278,372
278,85
278,804
278,600
278,877
279,279
279,481
279,830
279,730
279,72
279,631
279,16
279,421
279,326
279,870
280,903
280,330
280,792
280,781
280,81
280,101
280,513
280,213
280,664
280,220
281,242
281,256
281,394
281,107
281,112
281,793
281,743
281,718
281,858
281,392
282,148
282,475
282,61
282,599
282,291
282,223
282,570
282,820
282,271
282,50
283,731
283,784
283,749
283,890
283,871
283,577
283,158
283,119
283,319
283,561
284,211
284,447
284,482
284,74
284,313
284,769
284,578
284,953
284,28
284,366
285,285
285,208
285,613
285,146
285,768
285,47
285,620
285,513
285,698
285,101
286,956
286,286
286,725
286,294
286,21
286,467
286,862
286,145
286,675
286,398
287,863
287,709
287,223
287,945
287,148
287,282
287,475
287,61
287,599
287,570
288,5
288,448
288,470
288,48
288,480
288,563
288,234
288,843
288,867
288,154
289,289
289,372
289,804
289,463
289,278
289,593
289,929
289,474
289,753
289,752
290,10
290,13
290,218
290,961
290,184
290,141
290,489
290,502
290,824
290,57
291,599
291,570
291,61
291,820
291,50
291,271
291,475
291,282
291,251
291,148
292,42
292,740
292,626
292,553
292,617
292,786
292,439
292,500
292,794
292,756
293,926
293,875
293,530
293,197
293,214
293,713
293,719
293,46
293,171
293,758
294,956
294,286
294,725
294,294
294,21
294,467
294,862
294,145
294,675
294,398
295,889
295,643
295,564
295,950
295,857
295,738
295,606
295,293
295,167
295,709
296,303
296,304
296,834
296,437
296,629
296,286
296,581
296,872
296,865
296,312
297,129
297,646
297,810
297,685
297,651
297,954
297,311
297,591
297,379
297,536
298,166
298,625
298,298
298,341
298,609
298,72
298,631
298,16
298,904
298,586
299,605
299,393
299,478
299,299
299,828
299,780
299,71
299,877
299,600
299,33
300,948
300,15
300,426
300,188
300,906
300,440
300,615
300,398
300,437
300,500
301,497
301,103
301,238
301,892
301,908
301,642
301,667
301,816
301,701
301,727
302,762
302,401
302,832
302,538
302,576
302,568
302,618
302,941
302,880
302,848
303,303
303,304
303,834
303,437
303,629
303,286
303,581
303,872
303,865
303,312
304,303
304,304
304,834
304,437
304,629
304,286
304,581
304,872
304,865
304,312
305,334
305,790
305,867
305,64
305,201
305,430
305,436
305,333
305,827
305,422
306,561
306,618
306,912
306,632
306,750
306,46
306,720
306,758
306,171
306,713
307,44
307,352
307,785
307,621
307,123
307,461
307,41
307,464
307,143
307,321
308,613
308,208
308,146
308,570
308,308
308,536
308,494
308,225
308,269
308,957
309,838
309,754
309,592
309,240
309,340
309,710
309,465
309,893
309,831
309,657
310,109
310,14
310,215
310,771
310,279
310,897
310,704
310,170
310,396
310,93
311,730
311,830
311,379
311,591
311,536
311,685
311,308
311,954
311,810
311,297
312,872
312,865
312,775
312,466
312,383
312,665
312,783
312,767
312,581
312,420
313,944
313,724
313,769
313,74
313,578
313,447
313,482
313,211
313,284
313,28
314,315
314,761
314,514
314,254
314,713
314,720
314,719
314,46
314,758
314,171
315,513
315,926
315,330
315,277
315,81
315,903
315,275
315,216
315,698
315,101
316,203
316,611
316,638
316,477
316,199
316,480
316,601
316,88
316,817
316,115
317,817
317,316
317,638
317,199
317,477
317,480
317,601
317,88
317,115
317,377
318,496
318,512
318,648
318,539
318,930
318,933
318,302
318,11
318,847
318,905
319,319
319,158
319,577
319,572
319,442
319,341
319,253
319,73
319,927
319,832
320,625
320,630
320,609
320,622
320,298
320,639
320,82
320,663
320,369
320,414
321,371
321,711
321,143
321,745
321,41
321,94
321,471
321,917
321,464
321,461
322,323
322,353
322,348
322,537
322,332
322,33
322,204
322,393
322,884
322,352
323,323
323,353
323,348
323,537
323,332
323,33
323,204
323,393
323,884
323,352
324,849
324,551
324,893
324,793
324,112
324,911
324,901
324,645
324,693
324,663
325,850
325,259
325,1
325,640
325,273
325,737
325,844
325,87
325,896
325,249
326,181
326,1
326,652
326,152
326,668
326,679
326,421
326,481
326,39
326,870
327,920
327,947
327,479
327,515
327,486
327,430
327,436
327,201
327,717
327,459
328,335
328,190
328,405
328,458
328,819
328,466
328,383
328,176
328,403
328,677
329,826
329,922
329,800
329,575
329,20
329,177
329,218
329,702
329,266
329,739
330,903
330,330
330,792
330,781
330,81
330,101
330,513
330,213
330,664
330,220
331,886
331,282
331,475
331,287
331,148
331,709
331,570
331,291
331,599
331,61
332,33
332,204
332,323
332,322
332,393
332,884
332,44
332,352
332,621
332,307
333,333
333,705
333,417
333,84
333,843
333,189
333,746
333,529
333,891
333,915
334,305
334,790
334,867
334,64
334,201
334,430
334,436
334,333
334,827
334,422
335,335
335,190
335,405
335,458
335,819
335,466
335,383
335,176
335,403
335,677
336,940
336,928
336,517
336,539
336,826
336,83
336,86
336,811
336,455
336,124
337,337
337,388
337,391
337,612
337,270
337,352
337,307
337,621
337,44
337,785
338,294
338,686
338,851
338,708
338,636
338,374
338,597
338,943
338,688
338,198
339,491
339,40
339,742
339,138
339,474
339,600
339,877
339,478
339,605
339,299
340,592
340,240
340,309
340,838
340,754
340,149
340,547
340,441
340,265
340,645
341,166
341,625
341,298
341,341
341,609
341,72
341,631
341,16
341,904
341,586
342,918
342,884
342,321
342,711
342,143
342,371
342,745
342,516
342,614
342,239
343,363
343,911
343,585
343,193
343,523
343,878
343,773
343,964
343,901
343,268
344,275
344,344
344,165
344,414
344,513
344,903
344,664
344,81
344,781
344,330
345,819
345,581
345,835
345,937
345,671
345,49
345,521
345,786
345,802
345,791
346,587
346,245
346,739
346,202
346,266
346,221
346,814
346,887
346,155
346,855
347,694
347,953
347,776
347,387
347,347
347,230
347,221
347,266
347,739
347,202
348,367
348,853
348,673
348,353
348,537
348,323
348,322
348,247
348,195
348,75
349,360
349,49
349,812
349,946
349,345
349,521
349,205
349,338
349,439
349,691
350,460
350,469
350,74
350,578
350,313
350,769
350,548
350,228
350,384
350,59
351,378
351,798
351,288
351,54
351,52
351,70
351,133
351,51
351,154
351,867
352,44
352,307
352,785
352,621
352,123
352,461
352,41
352,464
352,321
352,143
353,353
353,464
353,371
353,461
353,123
353,143
353,745
353,711
353,321
353,352
354,354
354,913
354,353
354,733
354,41
354,914
354,464
354,130
354,797
354,3
355,962
355,938
355,97
355,102
355,453
355,715
355,118
355,377
355,473
355,921
356,813
356,540
356,180
356,11
356,536
356,308
356,379
356,591
356,311
356,685
357,154
357,827
357,687
357,573
357,64
357,84
357,433
357,386
357,944
357,452
358,358
358,903
358,330
358,275
358,81
358,513
358,277
358,664
358,101
358,781
359,681
359,659
359,34
359,689
359,244
359,955
359,446
359,504
359,526
359,255
360,360
360,49
360,812
360,946
360,345
360,521
360,205
360,338
360,439
360,691
361,168
361,131
361,335
361,188
361,934
361,15
361,864
361,821
361,186
361,243
362,411
362,594
362,362
362,590
362,405
362,18
362,689
362,728
362,517
362,765
363,206
363,134
363,343
363,193
363,911
363,585
363,523
363,964
363,878
363,773
364,57
364,492
364,502
364,824
364,246
364,489
364,184
364,178
364,141
364,218
365,882
365,683
365,164
365,653
365,773
365,149
365,224
365,172
365,837
365,264
366,563
366,447
366,133
366,824
366,502
366,153
366,470
366,448
366,48
366,480
367,367
367,853
367,673
367,353
367,537
367,323
367,322
367,247
367,195
367,75
368,183
368,749
368,909
368,194
368,310
368,789
368,179
368,109
368,43
368,907
369,369
369,261
369,236
369,922
369,414
369,165
369,344
369,630
369,622
369,320
370,67
370,554
370,506
370,4
370,707
370,533
370,827
370,305
370,334
370,422
371,321
371,711
371,143
371,745
371,41
371,94
371,471
371,917
371,464
371,461
372,804
372,85
372,463
372,278
372,593
372,289
372,929
372,474
372,752
372,753
373,373
373,825
373,764
373,510
373,883
373,454
373,628
373,724
373,555
373,483
374,708
374,636
374,597
374,688
374,943
374,294
374,338
374,686
374,851
374,136
375,706
375,562
375,6
375,557
375,528
375,542
375,532
375,860
375,527
375,328
376,100
376,108
376,399
376,115
376,879
376,212
376,852
376,938
376,962
376,59
377,473
377,715
377,118
377,97
377,102
377,453
377,938
377,962
377,355
377,115
378,378
378,798
378,288
378,54
378,52
378,70
378,133
378,51
378,154
378,867
379,311
379,591
379,810
379,308
379,954
379,536
379,685
379,646
379,129
379,180
380,20
380,811
380,455
380,124
380,558
380,329
380,218
380,702
380,266
380,221
381,479
381,573
381,65
381,48
381,924
381,755
381,510
381,151
381,726
381,505
382,400
382,806
382,807
382,234
382,560
382,529
382,891
382,687
382,602
382,19
383,872
383,865
383,775
383,466
383,383
383,665
383,783
383,767
383,581
383,420
384,228
384,400
384,35
384,647
384,419
384,350
384,944
384,433
384,313
384,578
385,634
385,472
385,552
385,3
385,7
385,434
385,673
385,798
385,132
385,874
386,433
386,944
386,563
386,666
386,559
386,185
386,705
386,417
386,189
386,477
387,230
387,484
387,627
387,855
387,144
387,590
387,209
387,777
387,404
387,580
388,533
388,337
388,175
388,270
388,391
388,612
388,44
388,785
388,621
388,352
389,923
389,915
389,151
389,35
389,647
389,744
389,869
389,88
389,529
389,891
390,819
390,581
390,835
390,937
390,671
390,49
390,521
390,786
390,802
390,791
391,270
391,612
391,130
391,797
391,798
391,388
391,337
391,175
391,307
391,44
392,583
392,229
392,721
392,250
392,112
392,793
392,866
392,281
392,242
392,256
393,605
393,393
393,478
393,299
393,828
393,780
393,71
393,877
393,600
393,33
394,107
394,252
394,701
394,603
394,256
394,242
394,743
394,718
394,281
394,858
395,449
395,834
395,846
395,457
395,650
395,925
395,832
395,253
395,73
395,927
396,396
396,91
396,93
396,897
396,279
396,704
396,771
396,215
396,14
396,110
397,644
397,838
397,164
397,396
397,170
397,443
397,152
397,652
397,668
397,564
398,862
398,675
398,231
398,21
398,174
398,956
398,467
398,145
398,248
398,437
399,100
399,108
399,399
399,115
399,879
399,212
399,852
399,938
399,962
399,59
400,400
400,806
400,807
400,234
400,560
400,529
400,891
400,687
400,602
400,19
401,762
401,401
401,832
401,538
401,576
401,568
401,618
401,941
401,880
401,848
402,473
402,942
402,671
402,136
402,616
402,233
402,38
402,217
402,747
402,686
403,403
403,466
403,383
403,458
403,405
403,819
403,120
403,677
403,169
403,527
404,404
404,246
404,492
404,364
404,57
404,502
404,824
404,489
404,141
404,184
405,411
405,594
405,362
405,590
405,405
405,18
405,689
405,728
405,517
405,765
406,63
406,468
406,450
406,461
406,123
406,608
406,935
406,545
406,139
406,140
407,818
407,778
407,135
407,779
407,660
407,156
407,930
407,190
407,692
407,308
408,408
408,3
408,552
408,385
408,472
408,634
408,130
408,797
408,127
408,113
409,31
409,34
409,689
409,659
409,681
409,446
409,359
409,955
409,244
409,255
410,89
410,641
410,774
410,412
410,17
410,95
410,766
410,192
410,815
410,874
411,411
411,594
411,362
411,590
411,405
411,18
411,689
411,728
411,517
411,765
412,774
412,89
412,410
412,641
412,95
412,17
412,588
412,845
412,839
412,96
413,236
413,535
413,183
413,887
413,776
413,931
413,580
413,292
413,53
413,787
414,275
414,344
414,165
414,414
414,513
414,903
414,664
414,81
414,781
414,330
415,226
415,913
415,935
415,40
415,700
415,522
415,672
415,676
415,373
415,584
416,262
416,363
416,206
416,829
416,242
416,134
416,172
416,596
416,861
416,37
417,333
417,705
417,417
417,84
417,843
417,189
417,746
417,529
417,891
417,915
418,640
418,595
418,27
418,0
418,604
418,276
418,428
418,856
418,836
418,162
419,100
419,108
419,399
419,115
419,879
419,212
419,852
419,938
419,962
419,59
420,467
420,145
420,21
420,231
420,956
420,862
420,675
420,398
420,174
420,783
421,762
421,401
421,832
421,538
421,576
421,568
421,618
421,941
421,880
421,848
422,305
422,334
422,827
422,869
422,744
422,380
422,963
422,953
422,885
422,715
423,895
423,541
423,45
423,497
423,892
423,238
423,751
423,808
423,760
423,37
424,833
424,254
424,639
424,235
424,957
424,251
424,678
424,813
424,540
424,356
425,842
425,662
425,896
425,87
425,690
425,69
425,649
425,759
425,162
425,418
426,948
426,360
426,728
426,799
426,959
426,801
426,803
426,300
426,188
426,15
427,258
427,786
427,812
427,674
427,345
427,521
427,205
427,946
427,49
427,671
428,604
428,836
428,856
428,276
428,595
428,27
428,0
428,640
428,418
428,649
429,432
429,766
429,17
429,60
429,67
429,56
429,70
429,52
429,790
429,939
430,436
430,201
430,64
430,867
430,333
430,790
430,305
430,334
430,515
430,479
431,434
431,673
431,939
431,56
431,67
431,17
431,429
431,432
431,60
431,70
432,429
432,766
432,17
432,60
432,67
432,56
432,70
432,52
432,790
432,939
433,100
433,108
433,399
433,115
433,879
433,212
433,852
433,938
433,962
433,59
434,673
434,431
434,798
434,634
434,552
434,385
434,472
434,94
434,917
434,471
435,721
435,730
435,830
435,210
435,572
435,442
435,750
435,622
435,630
435,24
436,436
436,201
436,64
436,867
436,333
436,790
436,305
436,334
436,515
436,479
437,303
437,629
437,296
437,304
437,581
437,286
437,834
437,872
437,312
437,665
438,859
438,224
438,603
438,639
438,424
438,235
438,957
438,251
438,678
438,540
439,255
439,805
439,723
439,243
439,407
439,841
439,131
439,335
439,361
439,168
440,504
440,92
440,656
440,255
440,526
440,34
440,359
440,689
440,681
440,659
441,265
441,571
441,878
441,98
441,99
441,596
441,262
441,252
441,103
441,182
442,572
442,832
442,927
442,119
442,253
442,158
442,73
442,319
442,650
442,846
443,657
443,161
443,729
443,722
443,731
443,268
443,837
443,264
443,396
443,170
444,239
444,393
444,75
444,853
444,247
444,195
444,348
444,763
444,367
444,71
445,90
445,140
445,902
445,77
445,22
445,845
445,96
445,839
445,588
445,412
446,59
446,493
446,68
446,482
446,447
446,284
446,211
446,97
446,102
446,453
447,563
447,447
447,133
447,824
447,502
447,153
447,470
447,448
447,48
447,480
448,470
448,48
448,153
448,5
448,480
448,524
448,666
448,485
448,560
448,436
449,449
449,834
449,846
449,457
449,650
449,925
449,832
449,253
449,73
449,927
450,468
450,733
450,123
450,461
450,608
450,902
450,140
450,95
450,203
450,406
451,574
451,670
451,770
451,805
451,349
451,80
451,390
451,496
451,155
451,821
452,150
452,734
452,920
452,133
452,546
452,919
452,680
452,724
452,628
452,454
453,681
453,659
453,34
453,689
453,244
453,955
453,446
453,504
453,526
453,255
454,628
454,724
454,51
454,486
454,534
454,507
454,114
454,825
454,555
454,483
455,811
455,855
455,124
455,558
455,177
455,20
455,826
455,502
455,824
455,489
456,544
456,565
456,661
456,525
456,543
456,546
456,839
456,845
456,96
456,508
457,395
457,925
457,846
457,449
457,650
457,73
457,927
457,253
457,832
457,572
458,271
458,820
458,599
458,570
458,251
458,291
458,61
458,475
458,282
458,148
459,717
459,486
459,936
459,951
459,378
459,764
459,947
459,920
459,327
459,32
460,469
460,350
460,619
460,735
460,560
460,524
460,485
460,448
460,470
460,921
461,123
461,621
461,41
461,44
461,352
461,307
461,464
461,785
461,321
461,711
462,415
462,226
462,700
462,522
462,672
462,373
462,584
462,676
462,196
462,239
463,372
463,85
463,804
463,289
463,929
463,753
463,752
463,840
463,958
463,278
464,41
464,461
464,123
464,371
464,143
464,711
464,745
464,321
464,307
464,471
465,309
465,831
465,710
465,893
465,161
465,657
465,583
465,679
465,293
465,738
466,872
466,865
466,775
466,466
466,383
466,665
466,783
466,767
466,581
466,420
467,145
467,21
467,248
467,956
467,231
467,862
467,675
467,398
467,174
467,176
468,450
468,733
468,461
468,123
468,608
468,140
468,902
468,95
468,203
468,406
469,469
469,350
469,619
469,735
469,560
469,524
469,485
469,448
469,470
469,921
470,470
470,48
470,153
470,5
470,480
470,524
470,666
470,485
470,560
470,436
471,917
471,94
471,471
471,71
471,763
471,444
471,853
471,75
471,195
471,247
472,634
472,385
472,552
472,3
472,7
472,434
472,673
472,798
472,132
472,874
473,473
473,942
473,671
473,136
473,616
473,233
473,38
473,217
473,747
473,686
474,742
474,138
474,40
474,593
474,600
474,278
474,877
474,299
474,605
474,478
475,576
475,940
475,716
475,282
475,148
475,599
475,223
475,291
475,570
475,61
476,271
476,820
476,599
476,570
476,251
476,291
476,61
476,475
476,282
476,148
477,601
477,199
477,185
477,559
477,563
477,433
477,944
477,386
477,666
477,417
478,780
478,605
478,299
478,23
478,828
478,71
478,877
478,393
478,204
478,600
479,515
479,573
479,381
479,430
479,436
479,201
479,327
479,920
479,666
479,470
480,5
480,153
480,448
480,470
480,48
480,601
480,477
480,199
480,88
480,638
481,39
481,830
481,730
481,72
481,16
481,631
481,421
481,326
481,870
481,927
482,807
482,806
482,560
482,891
482,382
482,529
482,5
482,153
482,563
482,366
483,555
483,427
483,499
483,952
483,505
483,114
483,825
483,724
483,454
483,628
484,685
484,627
484,230
484,387
484,855
484,144
484,590
484,777
484,209
484,404
485,920
485,42
485,163
485,712
485,553
485,355
485,921
485,735
485,619
485,248
486,717
486,486
486,936
486,951
486,378
486,764
486,947
486,920
486,327
486,32
487,83
487,86
487,863
487,591
487,379
487,311
487,568
487,933
487,694
487,285
488,547
488,816
488,667
488,642
488,301
488,701
488,727
488,693
488,157
488,876
489,824
489,502
489,492
489,57
489,141
489,364
489,184
489,218
489,246
489,290
490,801
490,803
490,636
490,708
490,374
490,597
490,136
490,616
490,272
490,740
491,339
491,593
491,474
491,278
491,742
491,138
491,40
491,600
491,877
491,299
492,587
492,346
492,739
492,266
492,887
492,221
492,202
492,814
492,155
492,209
493,647
493,151
493,915
493,389
493,869
493,744
493,923
493,88
493,228
493,384
494,494
494,269
494,125
494,358
494,695
494,957
494,167
494,222
494,658
494,24
495,881
495,173
495,690
495,69
495,556
495,654
495,655
495,0
495,27
495,595
496,496
496,512
496,648
496,539
496,930
496,933
496,302
496,11
496,847
496,905
497,238
497,301
497,892
497,103
497,908
497,267
497,37
497,861
497,642
497,45
498,914
498,913
498,501
498,79
498,354
498,353
498,733
498,41
498,464
498,130
499,427
499,555
499,483
499,505
499,952
499,815
499,378
499,51
499,766
499,133
500,794
500,439
500,756
500,786
500,617
500,553
500,626
500,740
500,36
500,118
501,498
501,914
501,913
501,79
501,354
501,353
501,733
501,41
501,464
501,130
502,563
502,447
502,133
502,824
502,502
502,153
502,470
502,448
502,48
502,480
503,273
503,227
503,873
503,949
503,111
503,257
503,55
503,722
503,868
503,881
504,360
504,49
504,812
504,946
504,345
504,521
504,205
504,338
504,439
504,691
505,952
505,483
505,555
505,499
505,427
505,510
505,203
505,95
505,65
505,381
506,506
506,554
506,67
506,370
506,127
506,113
506,32
506,951
506,936
506,408
507,534
507,486
507,724
507,628
507,454
507,51
507,883
507,78
507,546
507,919
508,534
508,486
508,724
508,628
508,454
508,51
508,883
508,78
508,546
508,919
509,358
509,903
509,330
509,275
509,81
509,513
509,277
509,664
509,101
509,781
510,479
510,573
510,65
510,48
510,924
510,755
510,510
510,151
510,726
510,505
511,762
511,401
511,832
511,538
511,576
511,568
511,618
511,941
511,880
511,848
512,648
512,11
512,847
512,318
512,539
512,930
512,933
512,302
512,905
512,575
513,220
513,926
513,81
513,330
513,216
513,277
513,698
513,664
513,275
513,101
514,761
514,315
514,314
514,344
514,414
514,165
514,530
514,875
514,926
514,197
515,515
515,573
515,381
515,430
515,436
515,201
515,327
515,920
515,666
515,470
516,371
516,745
516,321
516,143
516,711
516,342
516,918
516,614
516,77
516,90
517,411
517,594
517,362
517,590
517,405
517,18
517,689
517,728
517,517
517,765
518,418
518,162
518,425
518,653
518,240
518,592
518,2
518,66
518,91
518,93
519,520
519,699
519,577
519,850
519,181
519,909
519,729
519,27
519,595
519,0
520,519
520,699
520,577
520,850
520,181
520,909
520,729
520,27
520,595
520,0
521,819
521,581
521,835
521,937
521,671
521,49
521,521
521,786
521,802
521,791
522,672
522,700
522,584
522,676
522,373
522,415
522,226
522,196
522,239
522,918
523,890
523,585
523,911
523,343
523,363
523,193
523,268
523,901
523,773
523,878
524,485
524,924
524,419
524,755
524,746
524,601
524,470
524,448
524,666
524,560
525,544
525,565
525,661
525,525
525,543
525,546
525,839
525,845
525,96
525,508
526,360
526,49
526,812
526,946
526,345
526,521
526,205
526,338
526,439
526,691
527,860
527,706
527,532
527,557
527,542
527,528
527,562
527,375
527,6
527,328
528,542
528,706
528,6
528,557
528,532
528,375
528,562
528,860
528,527
528,328
529,534
529,486
529,724
529,628
529,454
529,51
529,883
529,78
529,546
529,919
530,875
530,197
530,926
530,214
530,719
530,758
530,46
530,171
530,713
530,720
531,409
531,34
531,689
531,659
531,446
531,681
531,244
531,359
531,955
531,526
532,706
532,562
532,6
532,375
532,557
532,542
532,528
532,860
532,527
532,328
533,388
533,707
533,370
533,827
533,334
533,305
533,422
533,744
533,869
533,380
534,507
534,486
534,454
534,628
534,724
534,51
534,883
534,78
534,919
534,546
535,535
535,368
535,749
535,909
535,194
535,413
535,809
535,887
535,776
535,931
536,613
536,208
536,146
536,570
536,308
536,536
536,494
536,225
536,269
536,957
537,348
537,353
537,322
537,323
537,714
537,788
537,796
537,602
537,687
537,382
538,762
538,401
538,832
538,538
538,576
538,568
538,618
538,941
538,880
538,848
539,768
539,930
539,933
539,648
539,512
539,318
539,302
539,336
539,86
539,83
540,813
540,540
540,180
540,11
540,536
540,308
540,379
540,591
540,311
540,685
541,423
541,895
541,849
541,14
541,215
541,173
541,730
541,830
541,435
541,210
542,542
542,706
542,6
542,557
542,532
542,375
542,562
542,860
542,527
542,328
543,525
543,565
543,661
543,456
543,544
543,546
543,127
543,113
543,22
543,874
544,544
544,565
544,661
544,525
544,543
544,546
544,839
544,845
544,96
544,508
545,545
545,935
545,610
545,579
545,960
545,63
545,669
545,406
545,137
545,29
546,544
546,565
546,661
546,525
546,543
546,546
546,839
546,845
546,96
546,508
547,488
547,340
547,149
547,157
547,876
547,182
547,103
547,252
547,262
547,596
548,944
548,724
548,769
548,74
548,578
548,447
548,482
548,211
548,284
548,28
549,735
549,741
549,68
549,28
549,232
549,740
549,626
549,726
549,151
549,136
550,550
550,93
550,91
550,396
550,170
550,704
550,771
550,897
550,279
550,14
551,856
551,836
551,849
551,893
551,112
551,793
551,324
551,911
551,901
551,645
552,634
552,472
552,552
552,3
552,7
552,434
552,673
552,798
552,132
552,874
553,735
553,626
553,740
553,617
553,786
553,36
553,439
553,500
553,756
553,794
554,506
554,4
554,67
554,370
554,113
554,127
554,32
554,951
554,936
554,408
555,555
555,427
555,499
555,952
555,505
555,114
555,825
555,724
555,454
555,628
556,585
556,690
556,69
556,495
556,655
556,654
556,0
556,595
556,27
556,729
557,562
557,706
557,6
557,542
557,528
557,375
557,532
557,860
557,527
557,328
558,811
558,124
558,455
558,20
558,177
558,566
558,492
558,57
558,800
558,364
559,185
559,563
559,433
559,386
559,477
559,199
559,944
559,666
559,189
559,705
560,891
560,234
560,529
560,807
560,806
560,382
560,485
560,524
560,448
560,470
561,561
561,618
561,912
561,632
561,750
561,46
561,720
561,758
561,171
561,713
562,748
562,34
562,681
562,689
562,659
562,359
562,446
562,955
562,504
562,255
563,563
563,447
563,133
563,824
563,502
563,153
563,470
563,448
563,48
563,480
564,643
564,295
564,889
564,950
564,857
564,287
564,152
564,652
564,668
564,863
565,544
565,565
565,661
565,525
565,543
565,546
565,839
565,845
565,96
565,508
566,57
566,364
566,492
566,558
566,800
566,26
566,245
566,209
566,775
566,665
567,100
567,108
567,399
567,115
567,879
567,212
567,852
567,938
567,962
567,59
568,762
568,538
568,576
568,117
568,941
568,618
568,791
568,802
568,880
568,106
569,420
569,783
569,767
569,872
569,865
569,312
569,665
569,775
569,292
569,286
570,613
570,208
570,146
570,570
570,308
570,536
570,494
570,225
570,269
570,957
571,441
571,265
571,878
571,99
571,98
571,895
571,892
571,751
571,760
571,808
572,442
572,832
572,927
572,119
572,253
572,158
572,73
572,319
572,650
572,846
573,479
573,381
573,357
573,64
573,84
573,433
573,150
573,452
573,944
573,734
574,770
574,670
574,349
574,635
574,629
574,862
574,675
574,526
574,504
574,805
575,800
575,826
575,329
575,922
575,246
575,847
575,905
575,496
575,648
575,512
576,576
576,940
576,716
576,282
576,148
576,599
576,223
576,291
576,570
576,61
577,319
577,158
577,577
577,572
577,442
577,341
577,253
577,73
577,927
577,832
578,944
578,724
578,769
578,74
578,578
578,447
578,482
578,211
578,284
578,28
579,610
579,960
579,669
579,137
579,29
579,139
579,545
579,935
579,62
579,63
580,931
580,404
580,209
580,144
580,590
580,855
580,387
580,230
580,627
580,484
581,819
581,581
581,835
581,937
581,671
581,49
581,521
581,786
581,802
581,791
582,100
582,108
582,399
582,115
582,879
582,212
582,852
582,938
582,962
582,59
583,926
583,875
583,530
583,197
583,214
583,713
583,719
583,46
583,171
583,758
584,676
584,373
584,196
584,239
584,672
584,522
584,700
584,918
584,342
584,143
585,556
585,911
585,343
585,523
585,363
585,193
585,901
585,773
585,268
585,878
586,904
586,8
586,235
586,795
586,219
586,191
586,633
586,620
586,768
586,609
587,144
587,124
587,826
587,458
587,476
587,346
587,245
587,221
587,266
587,739
588,192
588,508
588,839
588,845
588,412
588,96
588,774
588,22
588,90
588,445
589,782
589,805
589,770
589,670
589,574
589,349
589,635
589,237
589,629
589,675
590,411
590,594
590,362
590,590
590,405
590,18
590,689
590,728
590,517
590,765
591,311
591,379
591,308
591,536
591,954
591,685
591,810
591,297
591,646
591,180
592,240
592,309
592,838
592,754
592,340
592,653
592,425
592,162
592,418
592,518
593,289
593,372
593,804
593,463
593,278
593,593
593,929
593,474
593,753
593,752
594,411
594,594
594,362
594,590
594,405
594,18
594,689
594,728
594,517
594,765
595,27
595,595
595,276
595,856
595,640
595,836
595,428
595,604
595,418
595,654
596,262
596,252
596,441
596,265
596,103
596,876
596,182
596,157
596,727
596,701
597,374
597,708
597,636
597,943
597,688
597,294
597,338
597,851
597,686
597,136
598,716
598,916
598,702
598,26
598,905
598,847
598,511
598,10
598,290
598,13
599,291
599,570
599,61
599,50
599,271
599,820
599,475
599,282
599,251
599,148
600,788
600,796
600,877
600,299
600,780
600,478
600,23
600,828
600,605
600,393
601,601
601,199
601,185
601,559
601,563
601,433
601,944
601,386
601,666
601,417
602,864
602,638
602,65
602,687
602,382
602,400
602,19
602,714
602,473
602,402
603,107
603,394
603,252
603,701
603,438
603,859
603,639
603,424
603,235
603,957
604,604
604,836
604,856
604,276
604,595
604,27
604,0
604,640
604,418
604,649
605,605
605,393
605,478
605,299
605,828
605,780
605,71
605,877
605,600
605,33
606,926
606,875
606,530
606,197
606,214
606,713
606,719
606,46
606,171
606,758
607,840
607,958
607,753
607,752
607,732
607,122
607,207
607,929
607,289
607,463
608,461
608,123
608,450
608,468
608,902
608,140
608,95
608,203
608,505
608,952
609,166
609,625
609,298
609,341
609,609
609,72
609,631
609,16
609,904
609,586
610,610
610,960
610,669
610,137
610,29
610,139
610,545
610,935
610,62
610,63
611,203
611,316
611,508
611,883
611,544
611,456
611,507
611,534
611,661
611,565
612,391
612,270
612,130
612,797
612,798
612,388
612,175
612,337
612,307
612,352
613,613
613,208
613,146
613,570
613,308
613,536
613,494
613,225
613,269
613,957
614,371
614,711
614,143
614,745
614,41
614,94
614,471
614,917
614,464
614,461
615,937
615,703
615,736
615,765
615,835
615,822
615,426
615,948
615,300
615,188
616,708
616,636
616,597
616,688
616,943
616,294
616,338
616,686
616,851
616,136
617,854
617,874
617,113
617,127
617,543
617,90
617,445
617,839
617,845
617,96
618,561
618,618
618,912
618,632
618,750
618,46
618,720
618,758
618,171
618,713
619,885
619,19
619,469
619,460
619,735
619,921
619,355
619,560
619,524
619,485
620,768
620,613
620,146
620,208
620,222
620,47
620,781
620,903
620,220
620,101
621,44
621,352
621,785
621,307
621,123
621,461
621,41
621,464
621,321
621,371
622,630
622,320
622,609
622,82
622,625
622,369
622,298
622,414
622,344
622,165
623,624
623,637
623,777
623,848
623,249
623,844
623,737
623,1
623,325
623,640
624,624
624,637
624,777
624,848
624,249
624,844
624,737
624,1
624,325
624,640
625,609
625,298
625,341
625,639
625,320
625,622
625,663
625,630
625,369
625,82
626,616
626,626
626,233
626,747
626,38
626,217
626,671
626,402
626,942
626,597
627,484
627,387
627,230
627,777
627,144
627,590
627,855
627,209
627,404
627,931
628,769
628,578
628,548
628,454
628,724
628,486
628,51
628,507
628,534
628,114
629,360
629,49
629,812
629,946
629,345
629,521
629,205
629,338
629,439
629,691
630,630
630,320
630,609
630,82
630,625
630,369
630,298
630,414
630,344
630,165
631,16
631,72
631,730
631,830
631,39
631,481
631,341
631,241
631,609
631,625
632,912
632,306
632,561
632,750
632,758
632,720
632,719
632,713
632,171
632,46
633,275
633,344
633,165
633,414
633,513
633,903
633,664
633,81
633,781
633,330
634,634
634,472
634,552
634,3
634,7
634,434
634,673
634,798
634,132
634,874
635,360
635,49
635,812
635,946
635,345
635,521
635,205
635,338
635,439
635,691
636,374
636,708
636,597
636,943
636,688
636,294
636,338
636,851
636,686
636,136
637,714
637,132
637,77
637,899
637,624
637,623
637,777
637,848
637,249
637,844
638,602
638,65
638,199
638,477
638,480
638,601
638,88
638,316
638,115
638,377
639,625
639,609
639,663
639,298
639,320
639,630
639,622
639,82
639,369
639,165
640,27
640,0
640,595
640,856
640,836
640,604
640,276
640,428
640,418
640,273
641,89
641,410
641,412
641,774
641,17
641,95
641,766
641,192
641,815
641,874
642,727
642,301
642,816
642,667
642,488
642,701
642,693
642,238
642,103
642,497
643,643
643,295
643,889
643,950
643,857
643,287
643,152
643,652
643,668
643,863
644,831
644,397
644,838
644,164
644,396
644,170
644,443
644,668
644,652
644,152
645,901
645,911
645,693
645,112
645,793
645,893
645,551
645,849
645,324
645,842
646,297
646,646
646,651
646,810
646,685
646,954
646,591
646,311
646,379
646,536
647,35
647,151
647,744
647,923
647,915
647,869
647,389
647,88
647,384
647,228
648,648
648,512
648,847
648,540
648,813
648,356
648,180
648,308
648,536
648,591
649,69
649,690
649,87
649,896
649,425
649,759
649,662
649,842
649,551
649,856
650,395
650,925
650,846
650,457
650,449
650,73
650,253
650,927
650,832
650,442
651,297
651,646
651,129
651,810
651,685
651,954
651,379
651,591
651,311
651,308
652,152
652,668
652,679
652,1
652,181
652,326
652,443
652,643
652,564
652,170
653,773
653,164
653,683
653,149
653,365
653,882
653,240
653,592
653,425
653,162
654,655
654,873
654,0
654,595
654,27
654,495
654,729
654,69
654,690
654,556
655,654
655,873
655,0
655,595
655,27
655,495
655,729
655,69
655,690
655,556
656,243
656,200
656,366
656,806
656,807
656,684
656,559
656,185
656,741
656,790
657,161
657,443
657,729
657,722
657,268
657,731
657,264
657,837
657,583
657,679
658,509
658,932
658,225
658,494
658,269
658,222
658,285
658,888
658,694
658,24
659,258
659,786
659,812
659,674
659,345
659,521
659,205
659,946
659,49
659,671
660,779
660,135
660,778
660,187
660,818
660,651
660,331
660,886
660,772
660,223
661,544
661,565
661,661
661,525
661,543
661,546
661,839
661,845
661,96
661,508
662,842
662,425
662,896
662,87
662,69
662,690
662,649
662,759
662,110
662,550
663,639
663,625
663,298
663,609
663,320
663,622
663,630
663,82
663,369
663,165
664,330
664,903
664,513
664,277
664,781
664,81
664,216
664,220
664,698
664,101
665,57
665,492
665,502
665,824
665,246
665,489
665,184
665,178
665,141
665,218
666,944
666,433
666,386
666,563
666,705
666,189
666,417
666,185
666,559
666,477
667,816
667,642
667,301
667,488
667,701
667,727
667,693
667,267
667,876
667,182
668,652
668,668
668,1
668,679
668,181
668,326
668,443
668,643
668,564
668,396
669,137
669,29
669,960
669,579
669,610
669,62
669,139
669,126
669,121
669,545
670,770
670,670
670,349
670,635
670,629
670,862
670,675
670,526
670,504
670,805
671,819
671,581
671,835
671,937
671,671
671,49
671,521
671,786
671,802
671,791
672,522
672,700
672,584
672,373
672,676
672,226
672,415
672,196
672,239
672,918
673,367
673,853
673,673
673,353
673,537
673,323
673,322
673,247
673,195
673,75
674,411
674,594
674,362
674,590
674,405
674,18
674,689
674,728
674,517
674,765
675,360
675,49
675,812
675,946
675,345
675,521
675,205
675,338
675,439
675,691
676,676
676,373
676,196
676,239
676,672
676,522
676,700
676,918
676,342
676,143
677,169
677,120
677,405
677,458
677,819
677,466
677,403
677,176
677,383
677,863
678,880
678,802
678,791
678,106
678,476
678,618
678,941
678,568
678,576
678,538
679,668
679,152
679,652
679,1
679,181
679,326
679,583
679,161
679,293
679,657
680,133
680,734
680,452
680,150
680,920
680,546
680,919
680,942
680,821
680,451
681,659
681,689
681,34
681,359
681,244
681,955
681,446
681,526
681,409
681,504
682,874
682,691
682,108
682,232
682,674
682,786
682,97
682,453
682,102
682,25
683,164
683,653
683,365
683,882
683,773
683,149
683,754
683,87
683,896
683,273
684,757
684,741
684,200
684,104
684,691
684,439
684,806
684,807
684,559
684,198
685,685
685,627
685,230
685,387
685,855
685,144
685,590
685,777
685,209
685,404
686,851
686,338
686,294
686,374
686,708
686,597
686,636
686,688
686,943
686,402
687,827
687,154
687,357
687,602
687,382
687,400
687,19
687,473
687,714
687,402
688,943
688,374
688,708
688,636
688,597
688,294
688,338
688,851
688,686
688,233
689,411
689,594
689,362
689,590
689,405
689,18
689,689
689,728
689,517
689,765
690,69
690,896
690,87
690,649
690,425
690,759
690,842
690,662
690,556
690,495
691,682
691,108
691,232
691,439
691,198
691,338
691,741
691,684
691,360
691,131
692,308
692,536
692,941
692,618
692,61
692,291
692,599
692,570
692,930
692,818
693,645
693,901
693,911
693,112
693,793
693,893
693,551
693,849
693,324
693,727
694,694
694,953
694,776
694,387
694,347
694,230
694,221
694,266
694,739
694,202
695,277
695,903
695,216
695,275
695,330
695,513
695,101
695,781
695,698
695,664
696,910
696,898
696,134
696,697
696,99
696,98
696,556
696,690
696,69
696,495
697,98
697,99
697,134
697,898
697,556
697,69
697,690
697,696
697,910
697,495
698,903
698,513
698,277
698,330
698,275
698,101
698,81
698,664
698,216
698,220
699,520
699,519
699,577
699,30
699,259
699,261
699,428
699,395
699,604
699,276
700,522
700,672
700,676
700,373
700,584
700,226
700,415
700,196
700,239
700,918
701,252
701,394
701,107
701,603
701,727
701,301
701,642
701,816
701,667
701,488
702,916
702,598
702,716
702,26
702,905
702,847
702,329
702,177
702,20
702,218
703,736
703,615
703,835
703,937
703,765
703,822
703,851
703,686
703,402
703,799
704,897
704,279
704,771
704,215
704,14
704,170
704,396
704,43
704,109
704,91
705,333
705,705
705,417
705,84
705,843
705,189
705,746
705,529
705,891
705,915
706,528
706,6
706,375
706,562
706,542
706,557
706,532
706,860
706,527
706,328
707,56
707,370
707,533
707,827
707,334
707,305
707,422
707,869
707,744
707,380
708,597
708,636
708,374
708,688
708,943
708,294
708,338
708,851
708,686
708,136
709,287
709,945
709,223
709,282
709,475
709,148
709,61
709,570
709,599
709,291
710,893
710,309
710,465
710,657
710,161
710,831
710,583
710,679
710,293
710,738
711,371
711,711
711,143
711,745
711,41
711,94
711,471
711,917
711,464
711,461
712,920
712,42
712,163
712,712
712,553
712,355
712,921
712,735
712,619
712,248
713,720
713,46
713,758
713,719
713,171
713,750
713,214
713,561
713,530
713,875
714,637
714,132
714,77
714,899
714,602
714,687
714,382
714,537
714,400
714,19
715,906
715,188
715,335
715,168
715,131
715,361
715,864
715,934
715,821
715,300
716,576
716,940
716,716
716,282
716,148
716,599
716,223
716,291
716,570
716,61
717,717
717,486
717,936
717,951
717,378
717,764
717,947
717,920
717,327
717,32
718,743
718,858
718,394
718,107
718,256
718,242
718,281
718,793
718,112
718,392
719,720
719,46
719,758
719,719
719,171
719,750
719,214
719,561
719,530
719,875
720,720
720,46
720,758
720,719
720,171
720,750
720,214
720,561
720,530
720,875
721,421
721,907
721,721
721,392
721,250
721,112
721,793
721,866
721,281
721,242
722,475
722,282
722,291
722,61
722,570
722,599
722,223
722,50
722,820
722,271
723,255
723,805
723,723
723,243
723,407
723,841
723,131
723,335
723,361
723,168
724,944
724,724
724,769
724,74
724,578
724,447
724,482
724,211
724,284
724,28
725,956
725,286
725,725
725,294
725,21
725,467
725,862
725,145
725,675
725,398
726,479
726,573
726,65
726,48
726,924
726,755
726,510
726,151
726,726
726,505
727,642
727,37
727,701
727,301
727,667
727,816
727,488
727,693
727,252
727,262
728,411
728,594
728,362
728,590
728,405
728,18
728,689
728,728
728,517
728,765
729,443
729,722
729,161
729,657
729,731
729,264
729,837
729,268
729,909
729,0
730,730
730,830
730,379
730,591
730,536
730,685
730,308
730,954
730,810
730,297
731,749
731,837
731,264
731,722
731,729
731,443
731,657
731,161
731,268
731,784
732,122
732,207
732,607
732,840
732,958
732,753
732,752
732,929
732,289
732,463
733,450
733,468
733,464
733,41
733,353
733,130
733,797
733,3
733,7
733,408
734,452
734,150
734,133
734,920
734,546
734,919
734,680
734,628
734,454
734,724
735,735
735,626
735,740
735,617
735,786
735,36
735,439
735,500
735,756
735,794
736,703
736,615
736,835
736,937
736,765
736,822
736,851
736,686
736,402
736,799
737,737
737,213
737,24
737,844
737,848
737,1
737,325
737,640
737,273
737,87
738,606
738,344
738,165
738,414
738,369
738,82
738,630
738,622
738,320
738,298
739,202
739,221
739,266
739,814
739,587
739,346
739,155
739,245
739,887
739,347
740,626
740,553
740,36
740,617
740,786
740,439
740,500
740,756
740,794
740,232
741,255
741,805
741,723
741,243
741,407
741,841
741,131
741,335
741,361
741,168
742,742
742,40
742,474
742,600
742,877
742,593
742,828
742,478
742,299
742,780
743,743
743,858
743,394
743,107
743,256
743,242
743,281
743,793
743,112
743,392
744,869
744,88
744,647
744,35
744,151
744,915
744,389
744,923
744,380
744,963
745,239
745,745
745,373
745,584
745,676
745,918
745,342
745,321
745,143
745,711
746,924
746,755
746,524
746,485
746,419
746,601
746,189
746,417
746,705
746,891
747,747
747,38
747,217
747,616
747,136
747,671
747,402
747,942
747,688
747,943
748,748
748,34
748,681
748,689
748,659
748,359
748,446
748,955
748,504
748,255
749,749
749,837
749,264
749,722
749,729
749,443
749,657
749,161
749,268
749,784
750,912
750,46
750,758
750,719
750,720
750,713
750,632
750,171
750,306
750,561
751,892
751,895
751,760
751,808
751,900
751,894
751,571
751,45
751,423
751,238
752,753
752,840
752,958
752,607
752,929
752,289
752,732
752,122
752,207
752,463
753,929
753,752
753,840
753,958
753,607
753,289
753,732
753,122
753,207
753,463
754,838
754,309
754,240
754,592
754,340
754,683
754,87
754,896
754,273
754,640
755,924
755,485
755,524
755,746
755,419
755,601
755,48
755,151
755,726
755,381
756,794
756,500
756,439
756,786
756,617
756,553
756,740
756,626
756,36
756,377
757,684
757,923
757,915
757,389
757,42
757,529
757,36
757,891
757,746
757,705
758,46
758,171
758,719
758,713
758,720
758,750
758,214
758,561
758,530
758,875
759,649
759,690
759,69
759,896
759,87
759,425
759,842
759,662
759,109
759,43
760,900
760,808
760,858
760,751
760,892
760,895
760,894
760,571
760,45
760,423
761,213
761,197
761,633
761,795
761,219
761,586
761,8
761,904
761,235
761,792
762,762
762,401
762,832
762,538
762,576
762,568
762,618
762,941
762,880
762,848
763,71
763,444
763,853
763,75
763,195
763,247
763,348
763,367
763,917
763,471
764,114
764,825
764,510
764,883
764,717
764,459
764,486
764,947
764,936
764,951
765,411
765,594
765,362
765,590
765,405
765,18
765,689
765,728
765,517
765,765
766,432
766,429
766,89
766,641
766,410
766,192
766,815
766,499
766,427
766,854
767,420
767,783
767,569
767,872
767,865
767,312
767,775
767,665
767,292
767,286
768,768
768,930
768,933
768,648
768,512
768,318
768,302
768,336
768,86
768,83
769,944
769,724
769,769
769,74
769,578
769,447
769,482
769,211
769,284
769,28
770,770
770,670
770,349
770,635
770,629
770,862
770,675
770,526
770,504
770,805
771,897
771,279
771,704
771,215
771,14
771,170
771,396
771,43
771,109
771,91
772,886
772,282
772,475
772,287
772,148
772,709
772,570
772,291
772,599
772,61
773,653
773,149
773,164
773,683
773,882
773,365
773,878
773,592
773,240
773,343
774,412
774,89
774,410
774,641
774,95
774,17
774,588
774,845
774,839
774,96
775,872
775,865
775,775
775,466
775,383
775,665
775,783
775,767
775,581
775,420
776,931
776,147
776,580
776,887
776,292
776,53
776,787
776,943
776,688
776,747
777,484
777,627
777,230
777,387
777,590
777,855
777,144
777,209
777,404
777,580
778,778
778,818
778,187
778,660
778,779
778,933
778,702
778,487
778,379
778,591
779,277
779,903
779,216
779,275
779,330
779,513
779,101
779,781
779,698
779,664
780,788
780,796
780,877
780,299
780,780
780,478
780,23
780,828
780,605
780,393
781,903
781,330
781,792
781,781
781,81
781,101
781,513
781,213
781,664
781,220
782,589
782,770
782,670
782,574
782,349
782,805
782,635
782,237
782,629
782,675
783,467
783,145
783,21
783,231
783,956
783,862
783,675
783,398
783,174
783,783
784,871
784,868
784,749
784,731
784,890
784,577
784,319
784,119
784,158
784,912
785,44
785,352
785,307
785,621
785,123
785,461
785,41
785,464
785,143
785,321
786,49
786,521
786,671
786,937
786,835
786,6
786,819
786,581
786,791
786,802
787,31
787,409
787,34
787,359
787,681
787,244
787,689
787,659
787,446
787,955
788,796
788,600
788,537
788,714
788,602
788,687
788,382
788,400
788,19
788,473
789,179
789,310
789,162
789,550
789,109
789,43
789,759
789,263
789,368
789,907
790,867
790,305
790,334
790,64
790,430
790,436
790,201
790,333
790,559
790,185
791,819
791,581
791,835
791,937
791,671
791,49
791,521
791,786
791,802
791,791
792,213
792,280
792,330
792,277
792,513
792,903
792,633
792,81
792,216
792,664
793,793
793,893
793,911
793,901
793,551
793,645
793,849
793,693
793,324
793,281
794,756
794,500
794,439
794,786
794,617
794,553
794,740
794,626
794,36
794,377
795,219
795,633
795,191
795,586
795,904
795,8
795,235
795,47
795,236
795,358
796,796
796,600
796,537
796,714
796,602
796,687
796,382
796,400
796,19
796,473
797,130
797,612
797,391
797,270
797,798
797,3
797,7
797,408
797,41
797,464
798,378
798,798
798,288
798,54
798,52
798,70
798,133
798,51
798,154
798,867
799,948
799,426
799,360
799,728
799,959
799,803
799,801
799,864
799,703
799,736
800,826
800,575
800,329
800,922
800,558
800,566
800,57
800,364
800,492
800,26
801,803
801,959
801,728
801,360
801,948
801,426
801,799
801,272
801,490
801,374
802,819
802,581
802,835
802,937
802,671
802,49
802,521
802,786
802,802
802,791
803,803
803,959
803,728
803,360
803,948
803,426
803,799
803,272
803,490
803,374
804,85
804,372
804,463
804,278
804,593
804,289
804,929
804,474
804,752
804,753
805,255
805,805
805,723
805,243
805,407
805,841
805,131
805,335
805,361
805,168
806,807
806,234
806,560
806,382
806,891
806,529
806,185
806,559
806,104
806,200
807,807
807,234
807,560
807,382
807,891
807,529
807,185
807,559
807,104
807,200
808,894
808,760
808,858
808,751
808,892
808,900
808,895
808,571
808,45
808,423
809,535
809,368
809,749
809,909
809,194
809,413
809,809
809,887
809,776
809,931
810,148
810,475
810,61
810,599
810,291
810,223
810,570
810,820
810,271
810,50
811,811
811,855
811,124
811,558
811,177
811,20
811,826
811,502
811,824
811,489
812,946
812,49
812,345
812,205
812,521
812,198
812,671
812,294
812,25
812,258
813,813
813,540
813,180
813,11
813,536
813,308
813,379
813,591
813,311
813,685
814,927
814,73
814,832
814,442
814,846
814,449
814,457
814,395
814,572
814,650
815,60
815,32
815,427
815,499
815,766
815,410
815,89
815,641
815,378
815,51
816,667
816,642
816,301
816,488
816,701
816,727
816,693
816,267
816,876
816,182
817,471
817,94
817,917
817,321
817,143
817,711
817,371
817,745
817,41
817,464
818,187
818,778
818,135
818,779
818,660
818,156
818,930
818,190
818,692
818,536
819,819
819,581
819,835
819,937
819,671
819,49
819,521
819,786
819,802
819,791
820,904
820,50
820,271
820,570
820,599
820,291
820,61
820,251
820,475
820,148
821,864
821,15
821,188
821,168
821,131
821,335
821,361
821,934
821,942
821,451
822,100
822,108
822,399
822,115
822,879
822,212
822,852
822,938
822,962
822,59
823,868
823,722
823,257
823,55
823,111
823,949
823,503
823,873
823,326
823,421
824,563
824,447
824,133
824,824
824,502
824,153
824,470
824,448
824,48
824,480
825,415
825,913
825,935
825,40
825,700
825,522
825,672
825,584
825,373
825,676
826,271
826,820
826,599
826,570
826,251
826,291
826,61
826,475
826,282
826,148
827,687
827,154
827,357
827,334
827,305
827,422
827,744
827,869
827,380
827,963
828,605
828,299
828,478
828,23
828,780
828,71
828,877
828,393
828,33
828,600
829,242
829,262
829,172
829,206
829,91
829,93
829,2
829,66
829,945
829,256
830,730
830,311
830,481
830,39
830,631
830,72
830,16
830,435
830,210
830,442
831,644
831,465
831,309
831,710
831,893
831,161
831,657
831,583
831,679
831,293
832,762
832,401
832,832
832,538
832,576
832,568
832,618
832,941
832,880
832,848
833,424
833,254
833,320
833,632
833,306
833,561
833,912
833,950
833,857
833,158
834,449
834,834
834,846
834,457
834,650
834,925
834,832
834,253
834,73
834,927
835,819
835,581
835,835
835,937
835,671
835,49
835,521
835,786
835,802
835,791
836,856
836,836
836,849
836,893
836,112
836,793
836,324
836,911
836,901
836,645
837,837
837,731
837,722
837,729
837,443
837,657
837,161
837,268
837,631
837,16
838,309
838,754
838,240
838,592
838,340
838,164
838,170
838,396
838,644
838,443
839,845
839,96
839,544
839,456
839,22
839,588
839,90
839,445
839,774
839,412
840,958
840,752
840,753
840,607
840,929
840,732
840,122
840,289
840,207
840,463
841,723
841,407
841,186
841,243
841,131
841,168
841,335
841,361
841,360
841,656
842,662
842,425
842,896
842,87
842,69
842,690
842,649
842,759
842,110
842,550
843,84
843,105
843,867
843,154
843,563
843,153
843,5
843,234
843,288
843,351
844,449
844,925
844,457
844,846
844,395
844,650
844,253
844,250
844,832
844,927
845,845
845,96
845,544
845,456
845,22
845,588
845,90
845,445
845,774
845,412
846,395
846,457
846,449
846,925
846,650
846,832
846,253
846,927
846,73
846,572
847,648
847,512
847,847
847,540
847,813
847,356
847,180
847,308
847,536
847,591
848,538
848,762
848,866
848,576
848,117
848,568
848,941
848,618
848,880
848,802
849,551
849,324
849,893
849,793
849,112
849,911
849,901
849,645
849,693
849,215
850,325
850,259
850,519
850,520
850,909
850,729
850,181
850,595
850,0
850,27
851,686
851,338
851,294
851,636
851,374
851,597
851,708
851,943
851,688
851,402
852,100
852,108
852,399
852,115
852,879
852,212
852,852
852,938
852,962
852,59
853,367
853,853
853,673
853,353
853,537
853,323
853,322
853,247
853,195
853,75
854,874
854,22
854,113
854,127
854,543
854,132
854,192
854,641
854,89
854,410
855,811
855,855
855,124
855,558
855,177
855,20
855,826
855,502
855,824
855,489
856,856
856,836
856,849
856,893
856,112
856,793
856,324
856,911
856,901
856,645
857,950
857,564
857,643
857,889
857,295
857,833
857,320
857,208
857,306
857,613
858,808
858,760
858,718
858,743
858,394
858,107
858,256
858,242
858,281
858,112
859,859
859,224
859,603
859,639
859,424
859,235
859,957
859,251
859,678
859,540
860,57
860,492
860,502
860,824
860,246
860,489
860,184
860,178
860,141
860,218
861,58
861,37
861,238
861,497
861,267
861,727
861,701
861,423
861,301
861,642
862,360
862,49
862,812
862,946
862,345
862,521
862,205
862,338
862,439
862,691
863,863
863,709
863,223
863,945
863,148
863,282
863,475
863,61
863,599
863,570
864,864
864,638
864,65
864,687
864,382
864,400
864,19
864,714
864,473
864,402
865,872
865,865
865,775
865,466
865,383
865,665
865,783
865,767
865,581
865,420
866,848
866,576
866,762
866,538
866,117
866,568
866,941
866,618
866,106
866,791
867,64
867,790
867,201
867,430
867,334
867,436
867,305
867,333
867,154
867,843
868,868
868,722
868,257
868,55
868,111
868,949
868,503
868,873
868,326
868,421
869,744
869,88
869,35
869,647
869,151
869,915
869,389
869,923
869,380
869,963
870,873
870,261
870,210
870,737
870,832
870,73
870,927
870,253
870,39
870,481
871,871
871,868
871,749
871,731
871,890
871,577
871,319
871,119
871,158
871,912
872,872
872,865
872,775
872,466
872,383
872,665
872,783
872,767
872,581
872,420
873,870
873,655
873,654
873,503
873,881
873,111
873,279
873,949
873,771
873,704
874,874
874,691
874,108
874,232
874,674
874,786
874,97
874,453
874,102
874,25
875,530
875,926
875,197
875,214
875,758
875,46
875,713
875,171
875,719
875,720
876,182
876,157
876,103
876,252
876,262
876,596
876,265
876,441
876,488
876,547
877,788
877,796
877,877
877,299
877,780
877,478
877,23
877,828
877,605
877,393
878,441
878,265
878,99
878,98
878,571
878,773
878,343
878,240
878,592
878,653
879,852
879,879
879,921
879,399
879,100
879,9
879,962
879,938
879,108
879,567
880,791
880,802
880,476
880,106
880,618
880,678
880,941
880,568
880,762
880,538
881,173
881,495
881,897
881,279
881,704
881,771
881,873
881,503
881,111
881,949
882,882
882,859
882,438
882,365
882,837
882,264
882,172
882,16
882,631
882,72
883,510
883,764
883,114
883,825
883,507
883,534
883,78
883,919
883,546
883,611
884,918
884,342
884,44
884,621
884,307
884,352
884,785
884,323
884,322
884,337
885,19
885,619
885,953
885,963
885,380
885,744
885,869
885,715
885,118
885,422
886,886
886,282
886,475
886,287
886,148
886,709
886,570
886,291
886,599
886,61
887,245
887,346
887,587
887,266
887,739
887,202
887,221
887,814
887,155
887,776
888,285
888,694
888,658
888,225
888,269
888,494
888,568
888,222
888,591
888,379
889,889
889,643
889,564
889,950
889,857
889,738
889,606
889,293
889,167
889,709
890,523
890,749
890,784
890,731
890,871
890,577
890,319
890,119
890,158
890,912
891,529
891,560
891,234
891,806
891,807
891,382
891,746
891,389
891,705
891,417
892,751
892,238
892,497
892,301
892,103
892,908
892,895
892,760
892,808
892,900
893,793
893,112
893,551
893,911
893,901
893,849
893,645
893,693
893,324
893,710
894,894
894,760
894,858
894,751
894,892
894,900
894,895
894,571
894,45
894,423
895,423
895,541
895,892
895,751
895,760
895,808
895,900
895,571
895,894
895,45
896,87
896,69
896,690
896,649
896,425
896,759
896,662
896,842
896,273
896,640
897,279
897,771
897,704
897,215
897,14
897,396
897,170
897,43
897,109
897,91
898,690
898,896
898,649
898,87
898,425
898,759
898,662
898,842
898,556
898,495
899,77
899,132
899,714
899,637
899,543
899,525
899,565
899,661
899,544
899,456
900,900
900,808
900,858
900,751
900,892
900,895
900,894
900,571
900,45
900,423
901,901
901,161
901,657
901,443
901,729
901,722
901,731
901,837
901,264
901,964
902,140
902,445
902,90
902,95
902,203
902,505
902,952
902,510
902,608
902,461
903,903
903,330
903,792
903,781
903,81
903,101
903,513
903,213
903,664
903,220
904,904
904,50
904,271
904,570
904,599
904,291
904,61
904,251
904,475
904,148
905,847
905,26
905,702
905,916
905,716
905,598
905,575
905,246
905,512
905,318
906,906
906,188
906,335
906,168
906,131
906,361
906,864
906,934
906,821
906,300
907,421
907,229
907,368
907,310
907,179
907,789
907,43
907,109
907,759
907,263
908,103
908,301
908,238
908,497
908,892
908,263
908,759
908,43
908,109
908,179
909,903
909,330
909,792
909,781
909,81
909,101
909,513
909,213
909,664
909,220
910,696
910,898
910,134
910,697
910,98
910,99
910,556
910,69
910,690
910,495
911,901
911,645
911,112
911,793
911,893
911,693
911,551
911,849
911,324
911,585
912,632
912,306
912,561
912,750
912,720
912,46
912,719
912,713
912,171
912,758
913,415
913,226
913,935
913,40
913,79
913,914
913,354
913,353
913,733
913,464
914,914
914,913
914,501
914,79
914,354
914,353
914,733
914,41
914,464
914,130
915,923
915,389
915,151
915,35
915,647
915,744
915,869
915,88
915,529
915,891
916,598
916,716
916,702
916,26
916,905
916,847
916,13
916,511
916,290
916,10
917,917
917,94
917,471
917,71
917,763
917,444
917,853
917,75
917,195
917,247
918,918
918,884
918,321
918,711
918,143
918,371
918,745
918,516
918,614
918,239
919,546
919,920
919,452
919,150
919,734
919,133
919,680
919,78
919,507
919,534
920,920
920,42
920,163
920,712
920,553
920,355
920,921
920,735
920,619
920,248
921,920
921,42
921,163
921,712
921,553
921,355
921,921
921,735
921,619
921,248
922,369
922,261
922,236
922,922
922,414
922,165
922,344
922,630
922,622
922,320
923,915
923,389
923,151
923,35
923,647
923,744
923,869
923,88
923,529
923,891
924,924
924,485
924,524
924,746
924,419
924,601
924,48
924,151
924,726
924,381
925,395
925,457
925,449
925,925
925,650
925,832
925,253
925,927
925,73
925,572
926,220
926,926
926,81
926,330
926,216
926,277
926,698
926,664
926,275
926,101
927,927
927,832
927,253
927,457
927,395
927,572
927,449
927,442
927,925
927,846
928,940
928,336
928,922
928,297
928,646
928,129
928,961
928,509
928,932
928,358
929,929
929,752
929,840
929,958
929,607
929,289
929,732
929,122
929,207
929,463
930,933
930,539
930,302
930,512
930,648
930,318
930,187
930,818
930,156
930,692
931,931
931,147
931,580
931,887
931,292
931,53
931,787
931,943
931,688
931,747
932,509
932,658
932,358
932,236
932,47
932,219
932,795
932,297
932,646
932,129
933,930
933,302
933,539
933,512
933,318
933,648
933,135
933,778
933,487
933,591
934,258
934,786
934,812
934,674
934,345
934,521
934,205
934,946
934,49
934,671
935,913
935,40
935,226
935,415
935,545
935,139
935,63
935,406
935,610
935,579
936,717
936,486
936,936
936,951
936,378
936,764
936,947
936,920
936,327
936,32
937,819
937,581
937,835
937,937
937,671
937,49
937,521
937,786
937,802
937,791
938,879
938,962
938,97
938,355
938,102
938,453
938,715
938,118
938,377
938,473
939,431
939,56
939,67
939,17
939,432
939,429
939,60
939,70
939,52
939,790
940,576
940,940
940,716
940,282
940,148
940,599
940,223
940,291
940,570
940,61
941,618
941,880
941,791
941,568
941,106
941,476
941,802
941,538
941,576
941,678
942,402
942,671
942,616
942,136
942,38
942,217
942,233
942,747
942,821
942,451
943,529
943,508
943,688
943,597
943,708
943,636
943,374
943,294
943,338
943,851
944,944
944,724
944,769
944,74
944,578
944,447
944,482
944,211
944,284
944,28
945,709
945,287
945,223
945,282
945,475
945,148
945,599
945,570
945,61
945,291
946,946
946,49
946,345
946,205
946,521
946,198
946,671
946,294
946,25
946,258
947,78
947,624
947,486
947,717
947,459
947,920
947,764
947,327
947,936
947,951
948,426
948,360
948,799
948,728
948,959
948,803
948,801
948,300
948,188
948,15
949,257
949,111
949,722
949,949
949,868
949,823
949,503
949,873
949,881
949,704
950,950
950,564
950,643
950,889
950,295
950,833
950,320
950,208
950,306
950,613
951,717
951,486
951,936
951,951
951,378
951,764
951,947
951,920
951,327
951,32
952,505
952,483
952,555
952,499
952,427
952,510
952,203
952,95
952,65
952,381
953,694
953,953
953,776
953,387
953,347
953,230
953,221
953,266
953,739
953,202
954,762
954,401
954,832
954,538
954,576
954,568
954,618
954,941
954,880
954,848
955,258
955,786
955,812
955,674
955,345
955,521
955,205
955,946
955,49
955,671
956,231
956,286
956,725
956,294
956,21
956,467
956,862
956,145
956,675
956,398
957,125
957,494
957,269
957,225
957,358
957,695
957,167
957,235
957,251
957,424
958,840
958,753
958,752
958,607
958,929
958,732
958,207
958,289
958,122
958,463
959,905
959,847
959,702
959,916
959,716
959,598
959,800
959,558
959,566
959,57
960,579
960,610
960,669
960,29
960,137
960,139
960,545
960,62
960,935
960,63
961,10
961,13
961,290
961,218
961,184
961,141
961,502
961,489
961,824
961,57
962,905
962,847
962,702
962,916
962,716
962,598
962,800
962,558
962,566
962,57
963,953
963,380
963,885
963,869
963,744
963,422
963,715
963,118
963,334
963,305
964,901
964,268
964,343
964,363
964,911
964,645
964,585
964,662
964,842
964,110
